Roll_No,Name,MTH_Marks,PHY_Marks,CHM_Marks,Percentage,Status
89,sam,19,23,89,43.666666666666664,FAIL
90,suresh,99,65,39,67.66666666666667,PASS
23,tina,45,89,32,55.333333333333336,FAIL
45,89,90,23,22,45.0,FAIL
56,samson,78,99,23,66.66666666666667,FAIL
